POS,SEQ,ATOM,SCORE,COLOR,CONFIDENCE_INTERVAL,B/E,F/S,MSA DATA,RESIDUE_VARIETY
1,G,GLY:0:A,0.26,5,"(-0.862, 1.063, 7, 3)",e,,10/89,"A 30%, P 20%, Q 20%, G 10%, F 10%, S 10%"
2,N,ASN:1:A,1.265,3,"(0.05, 2.006, 5, 2)",e,,12/89,"G 23%, A 15%, P 15%, V 15%, N 7%, C 7%, H 7%, X 7%"
3,A,ALA:2:A,0.473,4,"(-0.65, 1.314, 6, 3)",e,,12/89,"K 33%, A 25%, S 25%, L 8%, M 8%"
4,A,ALA:3:A,0.154,5,"(-1.07, 1.063, 7, 3)",e,,11/89,"A 45%, E 18%, L 18%, F 9%, S 9%"
5,E,GLU:4:A,1.657,2,"(0.332, 2.582, 4, 1)",e,,12/89,"M 16%, S 16%, R 16%, G 16%, E 8%, T 8%, F 8%, N 8%"
6,T,THR:5:A,0.525,4,"(-0.543, 1.314, 6, 3)",e,,50/89,"T 82%, A 10%, E 4%, S 2%, P 2%"
7,G,GLY:6:A,0.567,4,"(-0.543, 1.314, 6, 3)",e,,55/89,"E 76%, G 5%, M 5%, P 5%, Q 3%, N 1%, S 1%"
8,V,VAL:7:A,1.228,3,"(0.05, 2.006, 5, 2)",b,,58/89,"F 81%, V 3%, A 3%, L 3%, I 3%, E 1%, S 1%, Y 1%"
9,T,THR:8:A,1.195,3,"(0.05, 2.006, 5, 2)",e,,62/89,"K 74%, Q 4%, E 4%, P 4%, A 3%, D 3%, T 1%, F 1%, H 1%"
10,G,GLY:9:A,0.881,4,"(-0.199, 1.616, 5, 3)",e,,67/89,"A 71%, P 8%, M 7%, T 2%, G 1%, D 1%, K 1%, N 1%, E 1%, X 2%"
11,G,GLY:10:A,-0.891,7,"(-1.623, -0.432, 8, 6)",e,,88/89,"G 89%, A 5%, L 2%, K 1%, P 1%"
12,D,ASP:11:A,-1.133,7,"(-1.752, -0.65, 8, 6)",e,,88/89,"S 56%, D 38%, L 3%, N 1%"
13,K,LYS:12:A,0.604,4,"(-0.432, 1.314, 6, 3)",e,,89/89,"A 61%, V 26%, I 5%, P 3%, K 1%, N 1%"
14,A,ALA:13:A,-0.341,6,"(-1.07, 0.187, 7, 5)",e,,89/89,"K 56%, E 30%, A 5%, Q 4%, D 1%, L 1%, T 1%"
15,E,GLU:14:A,0.993,3,"(0.05, 1.616, 5, 3)",e,,89/89,"K 82%, R 5%, A 4%, Q 2%, E 1%, L 1%, H 1%, G 1%, D 1%"
16,G,GLY:15:A,-1.539,8,"(-2.255, -1.07, 9, 7)",e,f,89/89,"G 97%, R 2%"
17,K,LYS:16:A,-0.465,6,"(-1.175, 0.05, 7, 5)",e,,89/89,"A 58%, K 30%, E 7%, G 1%, R 1%, Q 1%"
18,K,LYS:17:A,-0.281,6,"(-1.07, 0.187, 7, 5)",e,,89/89,"T 57%, K 31%, A 3%, Q 3%, I 2%, R 1%, L 1%"
19,L,LEU:18:A,0.429,4,"(-0.543, 1.063, 6, 3)",b,,87/89,"L 65%, I 27%, T 2%, F 2%, Y 1%, A 1%"
20,F,PHE:19:A,-1.691,8,"(-2.599, -1.283, 9, 7)",b,,86/89,"F 97%, L 1%, E 1%"
21,E,GLU:20:A,-0.104,5,"(-0.862, 0.489, 7, 4)",e,,89/89,"K 58%, V 16%, I 10%, E 5%, N 5%, T 2%, A 1%"
22,E,GLU:21:A,1.236,3,"(0.187, 2.006, 5, 2)",e,,88/89,"T 57%, Q 17%, M 10%, G 4%, A 3%, R 2%, P 2%, E 1%, S 1%"
23,K,LYS:22:A,0.831,4,"(-0.079, 1.616, 5, 3)",e,,89/89,"R 56%, K 28%, A 3%, N 2%, Q 2%, E 2%, Y 2%, T 1%, S 1%, G 1%"
24,C,CYS:23:A,-1.899,8,"(-2.599, -1.505, 9, 8)",b,,89/89,"C 97%, A 2%"
25,G,GLY:24:A,1.113,3,"(0.05, 2.006, 5, 2)",e,,89/89,"L 53%, A 22%, S 11%, Q 4%, T 3%, I 2%, G 1%, Y 1%"
26,K,LYS:25:A,-0.85,7,"(-1.505, -0.432, 8, 6)",e,,89/89,"Q 85%, A 5%, G 2%, S 2%, T 2%, K 1%, L 1%"
27,C,CYS:26:A,-2.115,9,"(-3.373, -1.892, 9, 8)",b,s,89/89,C
28,H,HIS:27:A,-2.457,9,"(-3.373, -2.255, 9, 9)",e,f,89/89,H
29,A,ALA:28:A,-0.508,6,"(-1.283, 0.05, 7, 5)",e,,89/89,"T 87%, G 3%, A 2%, D 2%, R 2%, S 1%, V 1%"
30,L,LEU:29:A,1.058,3,"(0.05, 1.616, 5, 3)",e,,89/89,"V 78%, L 4%, A 4%, I 4%, T 3%, P 1%, G 1%, F 1%, N 1%"
31,E,GLU:30:A,0.468,4,"(-0.432, 1.063, 6, 3)",e,,89/89,"E 82%, D 6%, G 4%, N 3%, A 1%, T 1%, V 1%"
32,K,LYS:31:A,1.086,3,"(0.05, 1.616, 5, 3)",e,,89/89,"K 77%, E 5%, G 4%, N 3%, Q 3%, D 2%, V 1%, T 1%, P 1%"
33,G,GLY:32:A,-1.3,7,"(-2.255, -0.756, 9, 6)",e,,78/89,G
34,G,GLY:33:A,-0.281,6,"(-1.283, 0.489, 7, 4)",e,,78/89,"G 97%, A 1%, R 1%"
35,K,LYS:34:A,1.35,3,"(0.187, 2.006, 5, 2)",e,,84/89,"P 55%, K 29%, G 4%, A 4%, V 2%, S 1%, N 1%"
36,K,LYS:35:A,0.904,4,"(-0.079, 1.616, 5, 3)",e,,86/89,"H 79%, N 12%, G 2%, R 2%, K 1%, I 1%, A 1%"
37,G,GLY:36:A,0.051,5,"(-0.862, 0.659, 7, 4)",e,,87/89,"K 87%, G 3%, I 3%, F 3%, V 1%, E 1%"
38,K,LYS:37:A,0.368,4,"(-0.543, 1.063, 6, 3)",e,,84/89,"V 63%, T 25%, I 5%, K 1%, E 1%, A 1%, C 1%, Q 1%"
39,A,ALA:38:A,-0.864,7,"(-1.623, -0.319, 8, 6)",e,,85/89,"G 95%, Q 2%, A 1%, M 1%"
40,C,CYS:39:A,-1.36,7,"(-2.053, -0.965, 9, 7)",e,,89/89,"P 96%, C 1%, Q 1%, N 1%"
41,R,ARG:40:A,-0.573,6,"(-1.283, -0.079, 7, 5)",e,,89/89,"N 87%, G 3%, A 3%, R 1%, S 1%, E 1%, T 1%, I 1%"
42,L,LEU:41:A,-0.798,6,"(-1.505, -0.319, 8, 6)",b,,89/89,"L 93%, A 2%, V 2%, K 1%, R 1%"
43,G,GLY:42:A,0.757,4,"(-0.199, 1.314, 5, 3)",b,,89/89,"H 77%, T 6%, W 3%, N 2%, Y 2%, R 2%, G 1%, S 1%, D 1%, F 1%, A 1%"
44,G,GLY:43:A,-1.12,7,"(-1.892, -0.65, 8, 6)",b,,89/89,"G 93%, L 3%, D 2%, E 1%"
45,V,VAL:44:A,0.209,5,"(-0.756, 0.847, 6, 4)",b,,85/89,"I 58%, L 31%, V 5%, F 2%, K 1%"
46,V,VAL:45:A,-0.639,6,"(-1.505, -0.079, 8, 5)",b,,85/89,"F 87%, V 4%, T 4%, K 2%, M 1%"
47,T,THR:46:A,0.543,4,"(-0.432, 1.314, 6, 3)",b,,89/89,"G 84%, K 6%, T 2%, L 1%, D 1%, Q 1%, P 1%, A 1%, N 1%"
48,N,ASN:47:A,-0.648,6,"(-1.391, -0.079, 8, 5)",e,,86/89,"R 88%, D 3%, A 3%, E 2%, N 1%, T 1%"
49,K,LYS:48:A,0.234,5,"(-0.756, 0.847, 6, 4)",e,,86/89,"H 58%, K 27%, A 4%, Q 2%, I 2%, R 2%, P 1%, T 1%"
50,A,ALA:49:A,-0.545,6,"(-1.283, 0.05, 7, 5)",e,,86/89,"S 60%, T 27%, A 4%, G 3%, D 1%, E 1%, P 1%"
51,G,GLY:50:A,-0.046,5,"(-0.862, 0.659, 7, 4)",e,,86/89,"G 88%, P 5%, Q 1%, S 1%, T 1%, Y 1%, R 1%"
52,T,THR:51:A,-1.148,7,"(-1.892, -0.756, 8, 6)",e,,86/89,"Q 84%, V 5%, T 4%, L 2%, I 1%, K 1%"
53,G,GLY:52:A,0.685,4,"(-0.319, 1.314, 6, 3)",e,,86/89,"A 84%, V 4%, Y 3%, T 2%, G 1%, N 1%, I 1%, Q 1%"
54,C,CYS:53:A,1.289,3,"(0.187, 2.006, 5, 2)",e,,86/89,"E 60%, P 22%, A 8%, K 3%, I 2%, C 1%, S 1%, T 1%"
55,K,LYS:54:A,0.666,4,"(-0.319, 1.314, 6, 3)",e,,86/89,"G 88%, K 2%, M 2%, T 1%, A 1%, S 1%, E 1%, R 1%, D 1%"
56,C,CYS:55:A,1.915,2,"(0.659, 2.582, 4, 1)",e,,86/89,"Y 69%, F 19%, V 2%, N 2%, C 1%, M 1%, L 1%, A 1%, G 1%"
57,K,LYS:56:A,0.769,4,"(-0.199, 1.616, 5, 3)",e,,86/89,"S 77%, T 11%, K 2%, E 2%, V 2%, L 1%, A 1%, N 1%"
58,E,GLU:57:A,1.832,2,"(0.659, 2.582, 4, 1)",b,,89/89,"Y 82%, A 2%, D 2%, N 2%, M 2%, E 1%, F 1%, H 1%, Q 1%, K 1%, P 1%, T 1%, G 1%"
59,E,GLU:58:A,1.166,3,"(0.187, 2.006, 5, 2)",b,,89/89,"T 82%, L 5%, Y 3%, S 3%, E 1%, F 1%, G 1%, D 1%, K 1%"
60,F,PHE:59:A,1.175,3,"(0.187, 2.006, 5, 2)",e,,89/89,"D 71%, A 8%, R 5%, E 4%, K 2%, N 2%, F 1%, I 1%, T 1%, G 1%"
61,K,LYS:60:A,-0.498,6,"(-1.283, 0.05, 7, 5)",b,,82/89,"A 91%, G 2%, F 2%, K 1%, V 1%, E 1%"
62,N,ASN:61:A,0.122,5,"(-0.756, 0.659, 6, 4)",e,,82/89,"N 84%, I 8%, T 2%, P 1%, A 1%, D 1%, G 1%"
63,L,LEU:62:A,-0.118,5,"(-1.07, 0.489, 7, 4)",e,,80/89,"I 61%, K 30%, L 2%, M 2%, A 2%, Q 1%"
64,N,ASN:63:A,-0.013,5,"(-0.862, 0.659, 7, 4)",e,,85/89,"K 54%, N 31%, P 4%, S 2%, A 2%, R 2%, E 2%"
65,L,LEU:64:A,-0.904,7,"(-1.623, -0.432, 8, 6)",e,,85/89,"K 85%, N 7%, A 2%, S 2%, L 1%, M 1%"
66,N,ASN:65:A,-0.732,6,"(-1.505, -0.199, 8, 5)",e,,85/89,"N 60%, G 38%, A 1%"
67,A,ALA:66:A,0.099,5,"(-0.862, 0.847, 7, 4)",b,,80/89,"V 66%, I 28%, A 1%, E 1%, Q 1%, L 1%"
68,A,ALA:67:A,-0.258,5,"(-1.505, 0.489, 8, 4)",b,,1/89,A
69,D,ASP:68:A,-0.258,5,"(-1.391, 0.659, 8, 4)",e,,1/89,D
70,F,PHE:69:A,-0.258,5,"(-1.505, 0.489, 8, 4)",b,,1/89,F
71,L,LEU:70:A,-0.258,5,"(-1.505, 0.489, 8, 4)",b,,1/89,L
72,P,PRO:71:A,-0.258,5,"(-1.505, 0.489, 8, 4)",e,,1/89,P
73,Y,TYR:72:A,-0.258,5,"(-1.505, 0.489, 8, 4)",b,,1/89,Y
74,L,LEU:73:A,-0.258,5,"(-1.505, 0.489, 8, 4)",b,,1/89,L
75,V,VAL:74:A,-0.258,5,"(-1.391, 0.489, 8, 4)",b,,1/89,V
76,K,LYS:75:A,-0.258,5,"(-1.505, 0.489, 8, 4)",e,,1/89,K
77,N,ASN:76:A,1.794,2,"(0.659, 2.582, 4, 1)",b,,85/89,"L 52%, I 15%, T 14%, V 5%, M 3%, K 3%, N 1%, E 1%, P 1%, A 1%"
78,F,PHE:77:A,0.504,4,"(-0.543, 1.314, 6, 3)",b,,85/89,"W 90%, D 2%, I 2%, F 1%, N 1%, L 1%, R 1%"
79,K,LYS:78:A,0.949,4,"(-0.079, 1.616, 5, 3)",e,,89/89,"D 57%, G 17%, T 7%, K 6%, S 3%, N 2%, Q 2%, A 1%, E 1%"
80,E,GLU:79:A,-0.219,5,"(-0.965, 0.332, 7, 4)",e,,89/89,"E 85%, P 3%, G 2%, N 2%, R 2%, V 1%, D 1%, S 1%, I 1%"
81,V,VAL:80:A,0.926,4,"(-0.079, 1.616, 5, 3)",e,,88/89,"N 53%, D 25%, E 14%, H 2%, V 1%, T 1%, S 1%, A 1%"
82,H,HIS:81:A,0.679,4,"(-0.199, 1.314, 5, 3)",e,,88/89,"N 52%, T 29%, S 3%, H 2%, R 2%, E 2%, V 2%, P 2%, A 1%, Q 1%, K 1%"
83,S,SER:82:A,-0.658,6,"(-1.391, -0.199, 8, 5)",b,,88/89,"M 55%, L 30%, V 5%, I 4%, S 1%, E 1%, F 1%"
84,D,ASP:83:A,1.031,3,"(-0.079, 1.616, 5, 3)",e,,88/89,"S 56%, M 29%, D 3%, Y 3%, E 2%, T 1%, G 1%, A 1%, V 1%"
85,K,LYS:84:A,0.004,5,"(-0.756, 0.659, 6, 4)",e,,87/89,"E 83%, K 4%, R 2%, Q 2%, D 2%, V 2%, N 1%, A 1%"
86,Y,TYR:85:A,0.069,5,"(-0.756, 0.659, 6, 4)",b,,87/89,"Y 86%, Q 4%, H 2%, F 2%, W 2%, V 1%, E 1%"
87,C,CYS:86:A,-0.228,5,"(-1.07, 0.332, 7, 4)",b,,87/89,"L 90%, T 3%, V 2%, C 1%, I 1%, F 1%"
88,K,LYS:87:A,1.101,3,"(0.05, 2.006, 5, 2)",e,,88/89,"T 57%, E 30%, Y 2%, V 2%, K 1%, A 1%, L 1%, G 1%, R 1%, Q 1%"
89,N,ASN:88:A,-1.177,7,"(-1.892, -0.756, 8, 6)",e,,86/89,"N 90%, F 2%, Q 2%, R 1%, S 1%, K 1%, D 1%"
90,P,PRO:89:A,-0.413,6,"(-1.175, 0.187, 7, 5)",e,,86/89,"P 89%, G 4%, H 2%, E 2%, N 1%"
91,P,PRO:90:A,-0.061,5,"(-0.965, 0.489, 7, 4)",e,,84/89,"K 83%, A 10%, Y 2%, P 1%, G 1%, T 1%"
92,K,LYS:91:A,-1.163,7,"(-1.892, -0.65, 8, 6)",e,,84/89,"K 92%, G 4%, N 1%, Q 1%"
93,G,GLY:92:A,0.905,4,"(-0.199, 1.616, 5, 3)",b,,84/89,"Y 88%, F 3%, G 2%, R 2%, T 2%, A 1%"
94,D,ASP:93:A,-0.939,7,"(-1.623, -0.432, 8, 6)",b,,84/89,"I 86%, M 9%, D 1%, Q 1%, L 1%"
95,I,ILE:94:A,-1.038,7,"(-1.752, -0.543, 8, 6)",e,,85/89,"M 91%, I 2%, C 2%, R 1%, P 1%, V 1%"
96,E,GLU:95:A,1.575,3,"(0.332, 2.582, 4, 1)",e,,88/89,"G 87%, E 2%, P 2%, R 2%, S 1%, H 1%, A 1%, K 1%, M 1%"
97,L,LEU:96:A,1.842,2,"(0.659, 2.582, 4, 1)",b,,88/89,"L 53%, I 28%, A 4%, R 3%, M 2%, D 2%, G 1%, T 1%, C 1%, F 1%, E 1%"
98,N,ASN:97:A,-1.057,7,"(-1.752, -0.65, 8, 6)",e,,88/89,"K 87%, L 6%, C 2%, N 1%, Y 1%, M 1%"
99,K,LYS:98:A,-1.925,9,"(-2.599, -1.623, 9, 8)",e,f,88/89,"K 88%, S 6%, Q 2%, A 1%, T 1%"
100,E,GLU:99:A,-1.09,7,"(-1.752, -0.65, 8, 6)",e,,88/89,"E 61%, K 27%, D 5%, P 5%"
101,E,GLU:100:A,-1.569,8,"(-2.255, -1.175, 9, 7)",e,f,89/89,"D 59%, E 38%, Q 2%"
102,W,TRP:101:A,-1.223,7,"(-1.892, -0.862, 8, 7)",e,,89/89,"R 85%, I 6%, A 3%, K 2%, W 1%, M 1%"
103,E,GLU:102:A,-0.072,5,"(-0.965, 0.489, 7, 4)",e,,89/89,"N 55%, A 25%, E 11%, Q 2%, K 2%, R 2%, H 1%"
104,A,ALA:103:A,-0.571,6,"(-1.283, -0.079, 7, 5)",e,,89/89,"D 87%, A 4%, N 4%, L 2%, S 1%"
105,L,LEU:104:A,-0.011,5,"(-0.862, 0.659, 7, 4)",b,,89/89,"L 87%, I 4%, V 4%, G 1%, S 1%, F 1%"
106,Y,TYR:105:A,-0.555,6,"(-1.283, -0.079, 7, 5)",b,,89/89,"I 83%, A 6%, L 4%, V 3%, Y 1%, W 1%"
107,A,ALA:106:A,-0.792,6,"(-1.505, -0.319, 8, 6)",e,,89/89,"T 55%, A 34%, E 4%, Q 1%, N 1%, K 1%, L 1%, S 1%"
108,A,ALA:107:A,-1.408,8,"(-2.053, -0.965, 9, 7)",b,,89/89,"Y 94%, F 2%, A 1%, H 1%, W 1%"
109,I,ILE:108:A,-1.04,7,"(-1.752, -0.543, 8, 6)",b,,89/89,"L 88%, V 4%, I 3%, M 3%"
110,L,LEU:109:A,0.959,4,"(0.05, 1.616, 5, 3)",e,,89/89,"K 83%, L 3%, A 2%, T 2%, E 2%, R 2%, D 1%, S 1%, H 1%, Q 1%"
111,S,SER:110:A,0.627,4,"(-0.319, 1.314, 6, 3)",e,,89/89,"K 78%, Q 5%, T 5%, S 3%, A 3%, F 2%, E 1%"
112,V,VAL:111:A,-0.668,6,"(-1.391, -0.199, 8, 5)",e,,89/89,"A 83%, V 5%, Q 4%, L 3%, E 2%, H 1%"
113,K,LYS:112:A,2.936,1,"(1.616, 3.992, 3, 1)",e,,87/89,"T 55%, C 13%, A 13%, S 11%, K 4%, F 1%"
