Entry ID,Experimental Method,DOI,Structure Determination Methodology,Sequence,Polymer Entity Sequence Length,Total Number of polymer Entity Instances (Chains) per Entity,Molecular Weight (Entity),Macromolecule Name,Asym ID,Auth Asym ID
5N1T,X-RAY DIFFRACTION,10.1107/S2059798318005648,experimental,MNRRFRYALLPTLALVVAGIAGSAGANDLRGALLAGNCYGCHGPNGDSQGGIPSLSGLDADQIAETMLAFRSGTRESTVMQRQASGYSEDEIASIAQHIAQH,102,1,10.629,Cytochrome C,B,B
1I54,X-RAY DIFFRACTION,10.1073/pnas.081072898,experimental,GDVAKGKKTFVQKCAQCHTVENGGKHKVGPNLWGLFGRKTGQAEGYSYTDANKSKGIVWNNDTLMEYLENPKKYIPGTKMIFAGIKKKGERQDLVAYLKSATS,103,2,11.39,CYTOCHROME C,B,B
4P4Q,X-RAY DIFFRACTION,10.1111/febs.13028,experimental,GSAKKGATLFKTRCLQCHTVEKGGPHKVGPNLHGIFGRHSGQAEGYSYTDANIKKNVLWDENNMSEYLTNPKKYIPGTKMAFGGLKKEKDRNDLITYLKKACE,103,2,11.496,Cytochrome c iso-1,D,D
6P41,X-RAY DIFFRACTION,10.1021/jacs.9b05715,experimental,GSAKKGATLFKTRCLQCHTVEKGGPHKVGPNLHGIFGRHSGQAEGYSYTDANIKKNVLWDENNMSEYLTNPKKYIPGTKMAFGGLKKEKDRNDLITYLKKASE,103,2,11.48,Cytochrome c iso-1,B,B
1AKK,SOLUTION NMR,10.1021/bi970724w,experimental,GDVEKGKKIFVQKCAQCHTVEKGGKHKTGPNLHGLFGRKTGQAPGFTYTDANKNKGITWKEETLMEYLENPKKYIPGTKMIFAGIKKKTEREDLIAYLKKATNE,104,1,11.726,CYTOCHROME C,A,A
1J3S,SOLUTION NMR,10.1021/bi960430v,experimental,GDVEKGKKIFIMKCSQCHTVEKGGKHKTGPNLHGLFGRKTGQAPGYSYTAANKNKGIIWGEDTLMEYLENPKKYIPGTKMIFVGIKKKEERADLIAYLKKATNE,104,1,11.641,Cytochrome c,A,A
2B4Z,X-RAY DIFFRACTION,10.1002/prot.21452,experimental,GDVEKGKKIFVQKCAQCHTVEKGGKHKTGPNLHGLFGRKTGQAPGFSYTDANKNKGITWGEETLMEYLENPKKYIPGTKMIFAGIKKKGEREDLIAYLKKATNE,104,1,11.595,Cytochrome c,A,A
2N3Y,SOLUTION NMR,10.1073/pnas.1618008114,experimental,GDVEKGKKIFIMKCSQCHTVEKGGKHKTGPNLHGLFGRKTGQAPGYSFTAANKNKGIIWGEDTLMEYLENPKKYIPGTKMIFVGIKKKEERADLIAYLKKATNE,104,1,11.683,Cytochrome c,A,A
3CYT,X-RAY DIFFRACTION,10.1073/pnas.77.11.6371,experimental,XGDVAKGKKTFVQKCAQCHTVENGGKHKVGPNLWGLFGRKTGQAEGYSYTDANKSKGIVWNNDTLMEYLENPKKYIPGTKMIFAGIKKKGERQDLVAYLKSATS,104,2,11.416,CYTOCHROME C,A,O
3NWV,X-RAY DIFFRACTION,10.1021/ja106328k,experimental,GDVEKGKKIFIMKCSQCHTVEKGGKHKTGPNLHGLFGRKTSQAPGYSYTAANKNKGIIWGEDTLMEYLENPKKYIPGTKMIFVGIKKKEERADLIAYLKKATNE,104,4,11.671,Cytochrome c,B,B
3ZOO,X-RAY DIFFRACTION,10.1042/BJ20130758,experimental,GDVEKGKKIFIMKCSQCHTVEKGGKHKTGPNLHGLFGRKTGQAPGFSYTAANKNKGIIWGEDTLMEYLENPKKYIPGTKMIFVGIKKKEERADLIAYLKKATNE,104,4,11.625,CYTOCHROME C,B,B
4NFG,X-RAY DIFFRACTION,10.1111/febs.13028,experimental,GDVEKGKKIFVQRCAQCHTVEKGGKNKTGPNLNGLFGRKTGQAPGFTYTDANKNKGITWKEETLMEYLENPKKYIPGTKMIFAGIKKKTEREDLIAYLKKATNE,104,1,11.706,Cytochrome c,B,B
5DF5,X-RAY DIFFRACTION,10.1021/acs.biochem.6b00262,experimental,GDVEKGKKIFVQKCAQCHTVEKGGKHKEGPNLHGLFGRKTGQAAGFSYTDANKNKGITWGEDTLMEYLENPKKYIPGTKMIFAGIKKKGERADLIAYLKKATNE,104,4,11.525,"Cytochrome c, somatic",B,B
5EXQ,X-RAY DIFFRACTION,10.1042/BCJ20200793,experimental,GDVEKGKKIFIMKCSQCHTVEKGGKHKTGPNLHGLFGRKTGQAPGYSHTAANKNKGIIWGEDTLMEYLENPKKYIPGTKMIFVGIKKKEERADLIAYLKKATNE,104,2,11.616,Cytochrome c,A,A
5TY3,X-RAY DIFFRACTION,10.1021/acs.biochem.7b00342,experimental,GDVEKGKKIFIMKCSQCHTVEKGGKHKTGPNLHGLFGRKTGQAPGYSYTAANKNKGIIWGEDTLMEYLENPAKYIPGTKMIFVGIKKKEERADLIAYLKKATNE,104,2,11.582,Cytochrome c,A,A
5ZKV,SOLUTION NMR,10.1016/j.cell.2017.07.050,experimental,GDVEKGKKIFVQKCAQCHTVEKGGKHKTGPNLHGLFGRKTGQAPGFTYTDANKNKGITWKEETLMEYLENPKKYIPGTKMIFAGIKKKTEREDGIAYLKKATNE,104,1,11.669,Cytochrome c,A,A
6DUJ,X-RAY DIFFRACTION,10.1021/acs.jpcb.9b05869,experimental,GDVEKGKKIFIMKCSQCHTVEKGGKHKTGPNLHGLFGRKTGQAPGYSYTAVNKNKGIIWGEDTLMEYLENPKKYIPGTKMIFVGIKKKEERADLIAYLKKATNE,104,2,11.669,Cytochrome c,A,A
6ECJ,X-RAY DIFFRACTION,10.1042/BCJ20200793,experimental,GDVEKGKKIFIMKCSQCHTVEKGGKHKTGPNLHGLFGRKTTQAPGYSYTAANKNKGIIWGEDTLMEYLENPKKYIPGTKMIFVGIKKKEERADLIAYLKKATNE,104,8,11.685,Cytochrome c,A,A
6N1O,X-RAY DIFFRACTION,10.1096/fj.201901120R,experimental,GDVEKGKKIFVQKCAQCHTVEKGGKHKTGPNLHGLFGRKTGQAAGFEYTDANKNKGITWGEDTLMEYLENPKKYIPGTKMIFAGIKKKGERADLIAYLKKATNE,104,4,11.539,"Cytochrome c, somatic",A,A
7LJX,X-RAY DIFFRACTION,10.3390/cells10040802,experimental,GDVEKGKKIFVQKCAQCHTVEKGGKHKTGPNLHGLFGRKTGQAAGFSYTDANQNKGITWGEDTLMEYLENPKKYIPGTKMIFAGIKKKGERADLIAYLKKATNE,104,2,11.496,"Cytochrome c, somatic",A,A
7Y5E,ELECTRON MICROSCOPY,10.1038/s41586-023-05831-0,experimental,MIAIAMITSFCLFTTNVFAADIEHGEQIFTANCSACHAGGNNVIMPEKTLKKDALEANGMNSVSAITNQVTNGKNAMPAFGGRLADNDIEDVANYVLAQSVKGW,104,2,11.033,Cytochrome c6,EL,GN
8DZL,X-RAY DIFFRACTION,10.1038/s41467-023-39820-8,experimental,GDVEKGKKIFVQKCAQCHTVEKGGKHKTGPNLHGLFGRQTGQAAGFSYTDANKNKGITWGEDTLMEYLENPKKYIPGTKMIFAGIKKKGERADLIAYLKKATNE,104,4,11.496,"Cytochrome c, somatic",D,D
1CRC,X-RAY DIFFRACTION,10.1016/s0969-2126(01)00205-2,experimental,XGDVEKGKKIFVQKCAQCHTVEKGGKHKTGPNLHGLFGRKTGQAPGFTYTDANKNKGITWKEETLMEYLENPKKYIPGTKMIFAGIKKKTEREDLIAYLKKATNE,105,2,11.752,CYTOCHROME C,A,A
2AIU,X-RAY DIFFRACTION,10.1073/pnas.0603327103,experimental,MGDAEAGKKIFVQKCAQCHTVEKGGKHKTGPNLWGLFGRKTGQAPGFSYTDANKNKGVIWSEETLMEYLENPKKYIPGTKMIFAGIKKKSEREDLIKYLKQATSS,105,1,11.735,"Cytochrome c, testis-specific",A,A
2DGE,X-RAY DIFFRACTION,10.1016/j.febslet.2006.05.067,experimental,QTLDIQRGATLFNRACIGCHDTGGNIIQPGATLFTKDLERNGVDTEEEIYRVTYFGKGRMPGFGEKCTPRGQCTFGPRLQDEEIKLLAEFVKFQADQGWPTVSTD,105,4,11.716,Cytochrome c6,A,A
2V07,X-RAY DIFFRACTION,10.1021/ja072346g,experimental,QTLDIQRGATLFNRACIACHDTGGNIIQPGATLFTKDLERNGVDTEEEIYRQTYFGKGRMPGFGEKCTPRGQCTFGPRLQDEEIKLLAEFVKFQADQGWPTVSTD,105,1,11.759,CYTOCHROME C6,A,A
3JBT,ELECTRON MICROSCOPY,10.1101/gad.272278.115,experimental,MGDVEKGKKIFVQKCAQCHTVEKGGKHKTGPNLHGLFGRKTGQAPGFTYTDANKNKGITWKEETLMEYLENPKKYIPGTKMIFAGIKKKTEREDLIAYLKKATNE,105,7,11.857,Cytochrome c,B,B
5C0Z,X-RAY DIFFRACTION,10.1096/fj.201901120R,experimental,MGDVEKGKKIFVQKCAQCHTVEKGGKHKTGPNLHGLFGRKTGQAAGFSYTDANKNKGITWGEDTLMEYLENPKKYIPGTKMIFAGIKKKGERADLIAYLKKATNE,105,4,11.628,"Cytochrome c, somatic",B,B
5C9M,X-RAY DIFFRACTION,10.1096/fj.201901120R,experimental,MGDVEKGKKIFVQKCAQCHTVEKGGKHKAGPNLHGLFGRKTGQAAGFSYTDANKNKGITWGEDTLMEYLENPKKYIPGTKMIFAGIKKKGERADLIAYLKKATNE,105,4,11.598,"Cytochrome c, somatic",C,C
5DFS,X-RAY DIFFRACTION,10.1016/j.jinorgbio.2015.12.025,experimental,MGDVEKGKRIFIMKCSQCHTVEKGGKHKTGPNLHGLFGRKTGQASGFTYTEANKNKGIIWGEDTLMEYLENPKKYIPGTKMIFVGIKKKEERADLIAYLKKATNE,105,2,11.846,Cytochrome c,A,A
8YTS,X-RAY DIFFRACTION,10.1093/plcell/koae029,experimental,MKKLMVVVAGVIMASGMASAHAADIEAGKAKYESTCLSCHGAEGKGQAIFPAVTGQDAAYVTEKLEQYRAGEQVGQHTALMAPHARTLSDEDIANLAAYIDAEFN,105,2,11.026,Cytochrome C,A,A
4PW9,X-RAY DIFFRACTION,10.7554/eLife.09066,experimental,MEEDKLALGREIFLERSEPQCALCHTLADAEAVGEVGPNLDELKPDAERVNTAVTNGIGPMPANEILTDEEIEAVALYVSTVAGKAKNSSSVDKLAAALEHHHHHH,106,1,11.404,Putative cytochrome C,B,B
4Q5P,X-RAY DIFFRACTION,10.1021/jacs.5b01493,experimental,FKAGSAKKGATLFKTRCLQCHTVEKGGPHKVGPNLHGIFGRHSGQAEGYSYTDANIKKNVLWDENNMSEYLTNPAKYIPGCGMAFGGLKKEKDRNDLITYLKKASE,106,3,11.699,Cytochrome c iso-1,A,A
4QAO,X-RAY DIFFRACTION,10.1021/jacs.5b01493,experimental,FKAGSAKKGATLFKTRCLQCHTVEKGGPHKVGPNLHGIFGRHSGQAEGYSYTDANIKKNVLWDENNMSEYLTNPAKYIPGCGMAHGGLKKEKDRNDLITYLKKASE,106,3,11.69,Cytochrome c iso-1,A,A
5KLU,X-RAY DIFFRACTION,10.1021/jacs.6b10745,experimental,FKAGSAKKGATLFKTRCLQCHTVEKGGPHKVGPNLHGIFGRHSGQAEGYSYTDANIKKNVLWDENNMSEYLTNPAKYIPGTKMAFGGLKKEKDRNDLITYLKKASE,106,2,11.769,Cytochrome c iso-1,A,A
6S8Y,X-RAY DIFFRACTION,10.1039/c9cc05330a,experimental,EFKAGSAKKGATLFKTRCLQCHTVEKGGPHKVGPNLHGIFGRHSGQAEGYSYTDANIKKNVLWDENNMSEYLTNPKKYIPGTKMAFGGLKKEKDRNDLITYLKKATE,107,1,11.971,Cytochrome c iso-1,A,A
7MRI,X-RAY DIFFRACTION,10.1016/j.jinorgbio.2022.111819,experimental,EFKAGSAKKGATLFKTRCLQCHTVEKGGPHKVGPNLHGIFGRHSGQAEGYSYTDANIKKNVLWDENTMSEYLTNPKKYIPGTKMAFGGLKKEKDRNDLITYLKKASE,107,3,11.944,Cytochrome c isoform 1,A,A
1CHH,X-RAY DIFFRACTION,10.1021/bi00001a020,experimental,TEFKAGSAKKGATLFKTRCLQCHTVEKGGPHKVGPNLHGIFGRHSGQAEGYSYTDANIKKNVLWDENNMSEYLTNPKKYIPGTKMAYGGLKKEKDRNDLITYLKKATE,108,1,12.13,CYTOCHROME C,A,A
1CHI,X-RAY DIFFRACTION,10.1021/bi00001a020,experimental,TEFKAGSAKKGATLFKTRCLQCHTVEKGGPHKVGPNLHGIFGRHSGQAEGYSYTDANIKKNVLWDENNMSEYLTNPKKYIPGTKMAYGGAKKEKDRNDLITYLKKATE,108,1,12.088,CYTOCHROME C,A,A
1CHJ,X-RAY DIFFRACTION,10.1021/bi00001a020,experimental,TEFKAGSAKKGATLFKTRCLQCHTVEKGGPHKVGPNLHGIFGRHSGQAEGYSYTDANIKKNVLWDENNMSEYLTNPKKYIPGTKMAFGGAKKEKDRNDLITYLKKATE,108,1,12.072,CYTOCHROME C,A,A
1CIE,X-RAY DIFFRACTION,10.1021/bi00015a041,experimental,TEFKAGSAKKGATLFKTRCLQCHTVEKGGPHKVGPNLHGIFGRHSGQAEGYSYTDAIIKKNVLWDENNMSEYLTNPKKYIPGTKMASGGLKKEKDRNDLITYLKKAAE,108,1,12.023,CYTOCHROME C,A,A
1CIF,X-RAY DIFFRACTION,10.1021/bi00015a041,experimental,TEFKAGSAKKGATLFKTRCLQCHTVEKGGPHKVGPNLHGIFGAHSGQAEGYSYTDANIKKNVLWDENNMSEYLTNPKKYIPGTKMASGGLKKEKDRNDLITYLKKAAE,108,1,11.938,CYTOCHROME C,A,A
1CIG,X-RAY DIFFRACTION,10.1021/bi00015a041,experimental,TEFKAGSAKKGATLFKTRCLQCHTVEKGGPHKVGPNLHGIFGAHSGQAEGYSYTDAIIKKNVLWDENNMSEYLTNPKKYIPGTKMAFGGLKKEKDRNDLITYLKKAAE,108,1,11.997,CYTOCHROME C,A,A
1CIH,X-RAY DIFFRACTION,10.1021/bi00015a041,experimental,TEFKAGSAKKGATLFKTRCLQCHTVEKGGPHKVGPNLHGIFGAHSGQAEGYSYTDAIIKKNVLWDENNMSEYLTNPKKYIPGTKMASGGLKKEKDRNDLITYLKKAAE,108,1,11.937,CYTOCHROME C,A,A
1CRG,X-RAY DIFFRACTION,10.1006/jmbi.1994.1189,experimental,TEFKAGSAKKGATLFKTRCLQCHTVEKGGPHKVGPNLHGIFGRHSGQAEGYSYTDAIIKKNVLWDENNMSEYLTNPKKYIPGTKMAFGGLKKEKDRNDLITYLKKATE,108,1,12.113,CYTOCHROME C,A,A
1CRH,X-RAY DIFFRACTION,10.1006/jmbi.1994.1189,experimental,TEFKAGSAKKGATLFKTRCLQCHTVEKGGPHKVGPNLHGIFGRHSGQAEGYSYTDAIIKKNVLWDENNMSEYLTNPKKYIPGTKMAFGGLKKEKDRNDLITYLKKACE,108,1,12.115,CYTOCHROME C,A,A
1CRI,X-RAY DIFFRACTION,10.1006/jmbi.1994.1189,experimental,TEFKAGSAKKGATLFKTRCLQCHTVEKGGPHKVGPNLHGIFGRHSGQAEGYSYTDAIIKKNVLWDENNMSEFLTNPKKYIPGTKMAFGGLKKEKDRNDLITYLKKATE,108,1,12.097,CYTOCHROME C,A,A
1CSU,X-RAY DIFFRACTION,10.1002/pro.5560040207,experimental,TEFKAGSAKKGATLFKTRCLQCHTVEKGGPHKVGPNLHGIFGRHSGQAEGYSYTDANIKKNVLWDENNMSEYLTNPKKYIPGTKMAFGGCKKEKDRNDLITYLKKATE,108,1,12.104,CYTOCHROME C,A,A
1CSV,X-RAY DIFFRACTION,10.1002/pro.5560040207,experimental,TEFKAGSAKKGATLFKTRCLQCHTVEKGGPHKVGPNLHGIFGRHSGQAEGYSYTDANIKKNVLWDENNMSEYLTNPKKYIPGTKMAFGGFKKEKDRNDLITYLKKATE,108,1,12.148,CYTOCHROME C,A,A
1CSW,X-RAY DIFFRACTION,10.1002/pro.5560040207,experimental,TEFKAGSAKKGATLFKTRCLQCHTVEKGGPHKVGPNLHGIFGRHSGQAEGYSYTDANIKKNVLWDENNMSEYLTNPKKYIPGTKMAFGGMKKEKDRNDLITYLKKATE,108,1,12.132,CYTOCHROME C,A,A
1CSX,X-RAY DIFFRACTION,10.1002/pro.5560040207,experimental,TEFKAGSAKKGATLFKTRCLQCHTVEKGGPHKVGPNLHGIFGRHSGQAEGYSYTDANIKKNVLWDENNMSEYLTNPKKYIPGTKMAFGGLKKEKDRNDSITYLKKATE,108,1,12.088,CYTOCHROME C,A,A
1CTY,X-RAY DIFFRACTION,10.1006/jmbi.1994.1086,experimental,TEFKAGSAKKGATLFKTRCLQCHTVEKGGPHKVGPNLHGIFGRHSGQAEGYSYTDANIKKNVLWDENNMSEFLTNPKKYIPGTKMAFGGLKKEKDRNDLITYLKKATE,108,1,12.098,CYTOCHROME C,A,A
1IRV,X-RAY DIFFRACTION,10.1021/bi960430v,experimental,TEFKAGSAKKGATLFKTRCLQCHTVEKGGPHKVGPNLHGIFGRHSGQAEGYSYTDANIKKNVLWDENNMSEYLTNPKKYMPGTKMAFGGLKKEKDRNDLITYLKKATE,108,1,12.132,CYTOCHROME C,A,A
1IRW,X-RAY DIFFRACTION,10.1021/bi960430v,experimental,TEFKAGSAKKGATLFKTRCLQCHTVEKGGPHKVGPNLHGIFGRHSGQAEGYSYTDAAIKKNVLWDENNMSEYLTNPKKYIPGTKMAFGGLKKEKDRNDLITYLKKATE,108,1,12.071,CYTOCHROME C,A,A
1KYO,X-RAY DIFFRACTION,10.1073/pnas.052704699,experimental,TEFKAGSAKKGATLFKTRCLQCHTVEKGGPHKVGPNLHGIFGRHSGQAEGYSYTDANIKKNVLWDENNMSEYLTNPKKYIPGTKMAFGGLKKEKDRNDLITYLKKACE,108,1,12.116,"CYTOCHROME C, ISO-1",W,W
1LMS,SOLUTION NMR,10.1021/ja027180s,experimental,TEFKAGSAKKGATLFKTRCLQCHTVEKGGPHKVGPNLHGIFGRHSGQAEGYSYTDANIKKNVLWDENNMSEYLTNPAKYIPGTAMAFGGLKKEKDRNDLITYLKKATE,108,1,11.956,"Cytochrome c, iso-1",A,A
1NMI,SOLUTION NMR,10.1038/nsb0596-459,experimental,TEFKAGSAKKGATLFKTRCLQCHTVEKGGPHKVGPNLHGIFGRHSGQAEGYSYTDANIKKNVLWDENNMSEYLTNPKKYIPGTKMAFGGLKKEKDRNDLITYLKKATE,108,1,12.072,"Cytochrome c, iso-1",A,A
1RAP,X-RAY DIFFRACTION,10.1002/pro.5560020907,experimental,TEFKAGSAKKGATLFKTRCLQCHTFDQGGANKVGPNLHGIFGRHSGQAEGYSYTDANIKKNVLWDENNMSEYLTNPKKYIPGTKMAFGGLKKEKDRNDLITYLKKACE,108,1,12.099,REP A2 ISO-1-CYTOCHROME C,A,A
1RAQ,X-RAY DIFFRACTION,10.1002/pro.5560020907,experimental,TEFKAGSAKKGATLFKTRCLQCHTVDQGGANKVGPNLHGIFGRHSGQAEGYSYTDANIKKNVLWDENNMSEYLTNPKKYIPGTKMAFGGLKKEKDRNDLITYLKKACE,108,1,12.051,REP A2 ISO-1-CYTOCHROME C,A,A
1S6V,X-RAY DIFFRACTION,10.1073/pnas.0306708101,experimental,AEFKAGSAKKGATLFKTRCLQCHTVEKGGPHKVGPNLHGIFGRHSGQAEGYSYTDANIKKNVLWDENNMSEYLTNPKKYIPGTKMCFGGLKKEKDRNDLITYLKKATE,108,2,12.074,"Cytochrome c, iso-1",B,B
1U74,X-RAY DIFFRACTION,10.1021/ja049230u,experimental,TEFKAGSAKKGATLFKTRCLQCHTVEKGGPHKVGPNLHGIFGRHSGQAEGYSYTDANIKKNVLWDENNMSEYLTNPKKYIPGTKMAFGGLKKEKDRNDLITYLKKASE,108,2,12.058,Cytochrome c iso-1,B,B
1YEB,X-RAY DIFFRACTION,10.1016/0022-2836(92)90689-h,experimental,TEFKAGSAKKGATLFKTRCQQCHTIEEGGPNKVGPNLHGIFGRHSGQVKGYSYTDANINKNVKWDEDSMSEYLTNPKKYIPGTKMAFGGLKKEKDRNDLITYLKKACE,108,1,12.124,CYTOCHROME C,A,A
2B0Z,X-RAY DIFFRACTION,10.1073/pnas.0505176102,experimental,TEFKAGSAKKGATLFKTRCLQCHTVEKGGPHKVGPNLHGIFGRHSGQAEGYSYTDANIKKNVLWDENNMSEYLTNPKKYIPGTKMAIGGLKKEKDRNDLITYLKKACE,108,1,12.04,Cytochrome c iso-1,B,B
2B10,X-RAY DIFFRACTION,10.1073/pnas.0505176102,experimental,TEFKAGSAKKGATLFKTRCLQCHTVEKGGPHKVGPNLHGIFGRHSGQAEGYSYTDANIKKNVLWDENNMSEYLTNPKKYIPGTKMASGGLKKEKDRNDLITYLKKACE,108,2,12.014,Cytochrome c iso-1,B,B
2B11,X-RAY DIFFRACTION,10.1073/pnas.0505176102,experimental,TEFKAGSAKKGATLFKTRCLQCHTVEKGGPHKVGPNLHGIFGRHSGQAEGYSYTDANIKKNVLWDENNMSEYLTNPKKYIPGTKMAWGGLKKEKDRNDLITYLKKACE,108,2,12.113,Cytochrome c iso-1,B,B
2B12,X-RAY DIFFRACTION,10.1073/pnas.0505176102,experimental,TEFKAGSAKKGATLFKTRCLQCHTVEKGGPHKVGPNLHGIFGRHSGQAEGYSYTDANIKKNVLWDENNMSEYLTNPKKYIPGTKMAYGGLKKEKDRNDLITYLKKACE,108,1,12.09,Cytochrome c iso-1,B,B
2JQR,SOLUTION NMR,10.1021/ja7101357,experimental,TEFKAGSAKKGATLFKTRCLQCHTVEKGGPHKCGPNLHGIFGRHSGQAEGYSYTDANIKKNVLWDENNMSEYLTNPKKYIPGTKMAFGGLKKEKDRNDLITYLKKATE,108,1,12.076,Cytochrome c iso-1,A,A
2JTI,SOLUTION NMR,10.1021/ja100867c,experimental,TEFKAGSAKKGATLFKARCLQCHTVEKGGPHKVGPNLHGIFGRHSGQAEGYSYTDANIKKNVLWDENNMSEYLTNPKKYIPGTKMAFGGLKKEKDRNDLITYLKKACE,108,1,12.044,Cytochrome c iso-1,B,B
2LIR,SOLUTION NMR,10.1371/journal.pone.0027219,experimental,TEFKAGSAKKGATLFKTRCLQCHTVEKGGPHKVGPNLHGIFGRHSGQAEGYSYTDANIKKNVLWDENNMSEYLTNHAKYIPGTKMAFGGLKKEKDRNDLITYLKKATE,108,1,12.055,Cytochrome c iso-1,A,A
2MHM,SOLUTION NMR,10.1371/journal.pone.0107305,experimental,TEFKAGSAKKGATLFKTRCLQCHTVEKGGPHKVGPNLHGIFGRHSGQAEGYSYTDANIKKNVLWDENNMSEHLTNPAKYIPGTKMAFGGLKKEKDRNDLITYLKKATE,108,1,11.989,Cytochrome c iso-1,A,A
4MU8,X-RAY DIFFRACTION,10.1073/pnas.1323828111,experimental,TEFKAGSAKKGATLFKTRCLQCHTVEKGGPHKVGPNLHGIFGRHSGQAEGYSYTDANIKKNVLWDENNMSEYLTNPAKYIPGTKMAFGGLKKEKDRNDLITYLKKASE,108,2,12,Cytochrome c iso-1,A,A
4N0K,X-RAY DIFFRACTION,10.1073/pnas.1323828111,experimental,TEFKAGSAKKGATLFKTECLQCHTVEKGGPHKVGPNLHGIFGRHSGQAEGYSYTDANIKKNVLWDENNMSEYLTNPKKYIPGTKMAFGGLKKEKDRNDLITYLKKATE,108,2,12.044,Cytochrome c iso-1,A,A
4YE1,X-RAY DIFFRACTION,10.3389/fmicb.2015.00332,experimental,TEFKAGSAKKGATLFKTECLQCHTVEKGGPHKVGPNLHGIFGRHSGQAEGYSYTDANIKKNVLWDENNMSEYLTNPKKYIPGTKMAFGGLKKEKDRNDLITYLKKACE,108,2,12.046,Cytochrome c iso-1,A,A
5KPF,X-RAY DIFFRACTION,10.1002/chem.201704931,experimental,AEFKAGSAKKGATLFKTRCLQCHTVEKGGPHKVGPNLHGIFGRHSGQAEGYSYTDANIKKNVLWDENNMSEYLTNPKKYIPGTKMAFGGLKKEKDRNDLITYLKKATE,108,2,12.042,Cytochrome c iso-1,A,A
6P43,X-RAY DIFFRACTION,10.1021/jacs.9b05715,experimental,TEFKAGSAKKGATLFKTRCLQCHTVEKGGPHKVGPNLHGIFGRHSGQAEGYSKTDANIKKNVLWDENNMSEYLTNPKKYIPGTKMAFGGLKKEKDRNDLITYLKKASE,108,1,12.024,Cytochrome c iso-1,B,B
5T7H,X-RAY DIFFRACTION,10.1021/jacs.6b10745,experimental,MTEFKAGSAKKGATLFKTRCLQCHTVEKGGPHKVGPNLHGIFGRHSGQAEGYSYTDANIKKNVLWDENNMSEYLTNPAKYIPGTKMAFGGLKKEKDRNDLITYLKKASE,109,4,12.131,Cytochrome c iso-1,A,A
6C4W,X-RAY DIFFRACTION,10.1007/s00792-019-01077-9,experimental,MAPFEKGSAKKGATLEKTRCLQCHTVEKGGPHKVGPNLHGIFARHSGQAEGYSYTDANIKANVEWTPNNMSEYLENPKKYIPGTKMAFGGLKKEKDRNDLVTYMKKATK,109,1,12.181,cytochrome c,A,A
1CCR,X-RAY DIFFRACTION,10.1016/s0022-2836(83)80092-8,experimental,XASFSEAPPGNPKAGEKIFKTKCAQCHTVDKGAGHKQGPNLNGLFGRQSGTTPGYSYSTADKNMAVIWEENTLYDYLLNPKKYIPGTKMVFPGLKKPQERADLISYLKEATS,112,1,12.268,CYTOCHROME C,A,A
1DW0,X-RAY DIFFRACTION,10.1074/jbc.275.21.16050,experimental,GDTSPAQLIAGYEAAAGAPADAERGRALFLSTQTGGKPDTPSCTTCHGADVTRAGQTRTGKEIAPLAPSATPDRFTDSARVEKWLGRNCNSVIGRDCTPGEKADLLAWLAAQ,112,3,11.57,CYTOCHROME C,A,A
1YEA,X-RAY DIFFRACTION,10.1016/0022-2836(92)90689-h,experimental,AKESTGFKPGSAKKGATLFKTRCQQCHTIEEGGPNKVGPNLHGIFGRHSGQVKGYSYTDANINKNVKWDEDSMSEYLTNPKKYIPGTKMAFAGLKKEKDRNDLITYMTKAAK,112,1,12.466,CYTOCHROME C,A,A
1YTC,X-RAY DIFFRACTION,10.1021/bi951228f,experimental,AKESTGFKPGSAKKGATLFKTRCQQCHTIEEGGPNKVGPNLHGIFGRHSGQVKGYSYTDAIINKNVKWDEDSMSEYLTNPKKYIPGTKMAFAGLKKEKDRNDLITYMTKAAK,112,1,12.465,YEAST ISO-2 CYTOCHROME C,A,A
4DY9,X-RAY DIFFRACTION,10.1021/bi300169x,experimental,MPPKARAPLPPGDVERGEKLFKGRAAQCHTATKGGSNGVGPNLFGIVNRPSGKVEGFTYSKANAESGVIWTPEVLDVYLENPKKFMPGTKMSFAGIKKPQERADVIAYLETLK,113,1,12.206,Cytochrome c,A,A
2YK3,X-RAY DIFFRACTION,10.1111/j.1742-4658.2009.07005.x,experimental,MPPKARAPLPPGDAARGEKLFKGRAAQCHTANQGGANGVGPNLYGLVGRHSGTIEGYAYSKANAESGVVWTPDVLDVYLENPKKFMPGTKMSFAGMKKPQERADVIAYLETLKG,114,3,12.177,CYTOCHROME C,A,A
8GTH,X-RAY DIFFRACTION,10.1016/j.xplc.2023.100715,experimental,MSANGDPAKGQLYFENEGGCLACHSTGTDKLVGPGLAGVMTTAGPVYPEGVNYRGNLPNGQPRTEENIAAWIRSGGQGQIGVMSPHEMSDEDMANLLAYLHTLKRPLEHHHHHH,114,6,12.269,Cytochrome c class I,B,B
6CUK,X-RAY DIFFRACTION,10.1073/pnas.1807027115,experimental,HHHHHHQDPEALAAEIGPVKQVSLGEQIDAALAQQGEQLFNTYCTACHRLDERFIGPALRDVTKRRGPVYIMNTMLNPNGMIQRHPVMKQLVQEYGTMDTDEALSEEQARAILEYLRQVAENQ,123,1,14.03,Cytochrome c,A,A
1E8E,SOLUTION NMR,10.1006/jmbi.2001.4600,experimental,DVTNAEKLVYKYTNIAHSANPMYEAPSITDGKIFFNRKFKTPSGKEAACASCHTNNPANVGKNIVTGKEIPPLAPRVNTKRFTDIDKVEDEFTKHCNDILGADCSPSEKANFIAYLLTETKPTK,124,1,13.699,CYTOCHROME C'',A,A
1L9B,X-RAY DIFFRACTION,10.1016/S0022-2836(02)00168-7,experimental,QEGDPEAGAKAFNQCQTCHVIVDDSGTTIAGRNAKTGPNLYGVVGRTAGTQADFKGYGEGMKEAGAKGLAWDEEHFVQYVQDPTKFLKEYTGDAKAKGKMTFKLKKEADAHNIWAYLQQVAVRP,124,1,13.488,cytochrome c-2,D,C
3CP5,X-RAY DIFFRACTION,10.1021/bi800999g,experimental,TESGTAAQDPEALAAEIGPVKQVSLGEQIDAALAQQGEQLFNTYCTACHRLDERFIGPALRDVTKRRGPVYIMNVMLNPNGMIQRHPVMKQLVQEYGTMMTDMALSEEQARAILEYLRQVAENQ,124,1,13.835,Cytochrome c,A,A
